[
  {
    "id": "c1",
    "title": "Piantiamo 3 alberi in via del Cucco, Milano",
    "type": "tree_planting",
    "location": "Via del Cucco, Milano",
    "budget": { "amount": 87, "currency": "EUR" },
    "sponsor": { "name": "Pizzeria del Cucco" },
    "judge": { "name": "LaraS" },
    "target": { "kind": "quantity", "unit": "trees", "amount": 3 },
    "rules": "Partecipa alla piantumazione di tre alberi.",
    "deadline": "2025-11-15",
    "participants": 18,
    "scoreboard": [
      { "user": "Paolo90", "score": 12 },
      { "user": "Giulia", "score": 10 }
    ],
    "status": "open",
    "updatedAt": "2025-08-13T16:05:00Z"
  },
  {
    "id": "c2",
    "title": "Puliamo piazza Verdi dai graffiti",
    "type": "remove_graffiti",
    "location": "Piazza Verdi, Milano",
    "budget": { "amount": 150, "currency": "EUR" },
    "sponsor": { "name": "Ferramenta Rossi" },
    "judge": { "name": "IlariaK" },
    "target": {
      "kind": "composite",
      "items": [
        { "id": "t1", "label": "Sopralluogo e foto prima" },
        { "id": "t2", "label": "Trattamento muro A" },
        { "id": "t3", "label": "Trattamento muro B" },
        { "id": "t4", "label": "Smaltimento residui + foto dopo" }
      ]
    },
    "rules": "Rimuovere i graffiti dal perimetro della piazza seguendo le buone pratiche e smaltendo i residui.",
    "deadline": "2025-10-05",
    "participants": 12,
    "scoreboard": [{ "user": "Anna", "score": 7 }],
    "status": "open",
    "updatedAt": "2025-08-13T16:05:00Z"
  },
  {
    "id": "c3",
    "title": "Piazza pulita: raccolta rifiuti",
    "type": "cleanup_litter",
    "location": "Piazza delle Rose",
    "budget": { "amount": 120, "currency": "EUR" },
    "sponsor": { "name": "Impresa EcoPulito" },
    "judge": { "name": "MarcoJ" },
    "target": { "kind": "quantity", "unit": "bags", "amount": 10 },
    "verification": {
      "required_evidence": ["before_photo", "after_photo"],
      "judge_checks": ["sacchi conferiti a isola ecologica"]
    },
    "scoring": { "points_per_unit": 1, "completion_bonus": 5 },
    "deadline": "2025-10-05",
    "participants": 12,
    "scoreboard": [{ "user": "Anna", "score": 7 }],
    "status": "open",
    "updatedAt": "2025-08-13T16:05:00Z"
  },
  {
    "id": "c4",
    "title": "Via Roma: rimozione graffiti",
    "type": "remove_graffiti",
    "location": "Via Roma, tratto 10–40",
    "budget": { "amount": 150, "currency": "EUR" },
    "sponsor": { "name": "Ferramenta Rossi" },
    "judge": { "name": "IlariaK" },
    "target": {
      "kind": "composite",
      "items": [
        { "id": "t1", "label": "Foto stato iniziale" },
        { "id": "t2", "label": "Trattamento muro A (80 m²)" },
        { "id": "t3", "label": "Trattamento muro B (60 m²)" },
        { "id": "t4", "label": "Raccolta/scarico residui" },
        { "id": "t5", "label": "Foto stato finale" }
      ]
    },
    "verification": {
      "required_evidence": ["before_photo", "after_photo"],
      "judge_checks": ["nessun danno alla superficie", "residui smaltiti"]
    },
    "scoring": { "completion_bonus": 20 },
    "deadline": "2025-11-01",
    "participants": 6,
    "scoreboard": [{ "user": "LucaT", "score": 12 }],
    "status": "open",
    "updatedAt": "2025-08-13T16:05:00Z"
  }
]

