[
  {
    "id": "lp-energia-base",
    "title": "Energia Sostenibile: le basi",
    "description": "Concetti chiave per capire come ridurre consumi e impatto in casa e in comunità.",
    "level": "base",
    "estimatedMinutes": 60,
    "tags": ["Energia", "Casa", "Comunità"],
    "modules": [
      { "id": "m1", "title": "Cos'è l'energia sostenibile?" },
      { "id": "m2", "title": "Audit energetico in 30 minuti" },
      { "id": "m3", "title": "Piccoli interventi, grande impatto" }
    ],
    "createdAt": "2025-07-20T10:00:00Z",
    "updatedAt": "2025-08-10T18:30:00Z"
  },
  {
    "id": "lp-rifiuti",
    "title": "Rifiuti: riduzione e riuso",
    "description": "Strumenti pratici per ridurre, riutilizzare e organizzare iniziative locali.",
    "level": "intermedio",
    "estimatedMinutes": 75,
    "tags": ["Rifiuti", "Economia Circolare"],
    "modules": [
      { "id": "m1", "title": "Ridurre alla fonte" },
      { "id": "m2", "title": "Riuso creativo" },
      { "id": "m3", "title": "Organizzare un punto di scambio" },
      { "id": "m4", "title": "Misurare i risultati" }
    ],
    "createdAt": "2025-07-22T09:00:00Z",
    "updatedAt": "2025-08-12T12:45:00Z"
  }
]

